{
  "conv1_weight": 0.0018767539877444506,
  "conv1_bias": 0.0019464859506115317,
  "bn1_weight": 0.008415681309998035,
  "bn1_bias": 0.0006726063438691199,
  "conv2_weight": 0.001686308067291975,
  "conv2_bias": 0.0011722467606887221,
  "bn2_weight": 0.008633045479655266,
  "bn2_bias": 0.0006140652694739401,
  "conv3_weight": 0.0015866620233282447,
  "conv3_bias": 0.0011645059566944838,
  "fc1_weight": 0.002651439979672432,
  "fc1_bias": 0.0018022239673882723,
  "fc2_weight": 0.0034102804493159056,
  "fc2_bias": 0.0023079421371221542
}